,FP_mean,FN_mean,TP_mean,TN_mean
norm_age,1.1483591201285994,0.7127861619702496,0.5547604989199828,1.1344159656177186
norm_size,1.5919862436804246,0.23322602578755097,0.8465698933915549,0.6731133734851736
access_ratio,0.6993957277442855,0.825330431802364,0.9376524470053978,0.29948153557274226
days_since_access,189.7876852555774,163.74078140822684,293.80475036872497,72.91779709631182
co2_estimate_g,0.13390423670028304,0.019616974132592856,0.07120620284128028,0.05661652721377281
